{
    "placeid": 4483381587,
    "linkvip": "",
    "rejoin": {
        "enable": true,
        "joinvip": false,
        "joinvip_self": false
    },
    "latency": {
        "delay": 5,
        "deley_join": 10
    },
    "accmanager": {
        "connect_ram": false,
        "connect_nexus": false
    },
    "emulator_type": "MuMu",
    "location_scripts": "/storage/emulated/0/Arceus X/Autoexec/",
    "location_emulator": "",
    "request_bypass": false,
    "another": {
        "reloadgame": false,
        "reconnect": false,
        "livestream": false
    },
    "capture_check": {
        "enable": false,
        "detect_percent": 0.89
    },
    "webhook": {
        "link": "",
        "timer": 5
    },
    "macro": {
        "enable": false,
        "list_function": ""
    },
    "api_vip": {
        "placeid": 16146832113,
        "configs": {
            "name": "Vip_Masterp",
            "price": 0
        },
        "creat_vip": false
    },
    "list_data_advanced": {
        "list_data_ignore_edit_link": false
    }
}